AIR,MISC,AIRMisc
AIR,BLOW,AIRBlow
AIR,BURST,AIRBrst
AIR,HISS,AIRHiss
AIR,SUCTION,AIRSuck
AIRCRAFT,MISC,AEROMisc
AIRCRAFT,HELICOPTER,AEROHeli
AIRCRAFT,JET,AEROJet
AIRCRAFT,MECHANISM,AEROMech
AIRCRAFT,MILITARY,AEROMil
AIRCRAFT,PROP,AEROProp
AIRCRAFT,RADIO CONTROLLED,AERORadio
AIRCRAFT,ROCKET,AERORckt
ALARMS,MISC,ALRMMisc
ALARMS,BELL,ALRMBell
ALARMS,BUZZER,ALRMBuzr
ALARMS,CLOCK,ALRMClok
ALARMS,ELECTRONIC,ALRMElec
ALARMS,SIREN,ALRMSirn
AMBIENCE,MISC,AMBMisc
AMBIENCE,AMUSEMENT,AMBAmus
AMBIENCE,BIRDSONG,AMBBird
AMBIENCE,CELEBRATION,AMBCele
AMBIENCE,CONSTRUCTION,AMBCnst
AMBIENCE,DESERT,AMBDsrt
AMBIENCE,DESIGNED,AMBDsgn
AMBIENCE,EMERGENCY,AMBEmrg
AMBIENCE,FARM,AMBFarm
AMBIENCE,FOREST,AMBForst
AMBIENCE,HISTORICAL,AMBHist
AMBIENCE,HITECH,AMBTech
AMBIENCE,HOSPITAL,AMBHosp
AMBIENCE,INDUSTRIAL,AMBInd
AMBIENCE,MARKET,AMBMrkt
AMBIENCE,NAUTICAL,AMBNaut
AMBIENCE,OFFICE,AMBOffc
AMBIENCE,PRISON,AMBPrisn
AMBIENCE,PUBLIC PLACE,AMBPubl
AMBIENCE,RELIGIOUS,AMBRlgn
AMBIENCE,RESTAURANT & BAR,AMBRest
AMBIENCE,ROOM TONE,AMBRoom
AMBIENCE,RURAL,AMBRurl
AMBIENCE,SCHOOL,AMBSchl
AMBIENCE,SEASIDE,AMBSea
AMBIENCE,SPORT,AMBSprt
AMBIENCE,SUBURBAN,AMBSubn
AMBIENCE,SWAMP,AMBSwmp
AMBIENCE,TRAFFIC,AMBTraf
AMBIENCE,TRANSPORTATION,AMBTran
AMBIENCE,TROPICAL,AMBTrop
AMBIENCE,UNDERGROUND,AMBUndr
AMBIENCE,UNDERWATER,AMBUndwtr
AMBIENCE,URBAN,AMBUrbn
AMBIENCE,WARFARE,AMBWar
ANIMALS,MISC,ANMLMisc
ANIMALS,AMPHIBIAN,ANMLAmph
ANIMALS,AQUATIC,ANMLAqua
ANIMALS,BAT,ANMLBat
ANIMALS,CAT DOMESTIC,ANMLCat
ANIMALS,CAT WILD,ANMLWcat
ANIMALS,DOG,ANMLDog
ANIMALS,FARM,ANMLFarm
ANIMALS,HORSE,ANMLHors
ANIMALS,INSECT,ANMLInsc
ANIMALS,PRIMATE,ANMLPrim
ANIMALS,REPTILE,ANMLRept
ANIMALS,RODENT,ANMLRdnt
ANIMALS,WILD,ANMLWild
ARCHIVED,MIX,MIX
ARCHIVED,BOUNCE,BNCE
ARCHIVED,IMPULSE RESPONSE,IR
ARCHIVED,PFX,PFX
ARCHIVED,RAW,RAW
ARCHIVED,REFERENCE,REF
ARCHIVED,SCENE,SCNE
ARCHIVED,TEST TONE,TEST
ARCHIVED,TRADEMARKED,TMARK
ARCHIVED,WORK IN PROGRESS,WIP
ARCHIVED,WTF,WTF
BEEPS,GENERAL,BEEP
BEEPS,APPLIANCE,BEEPAppl
BEEPS,LOFI,BEEPLofi
BEEPS,MEDICAL,BEEPMed
BEEPS,TIMER,BEEPTimer
BEEPS,VEHICLE,BEEPVeh
BELLS,MISC,BELLMisc
BELLS,ANIMAL,BELLAnml
BELLS,DOORBELL,BELLDoor
BELLS,GONG,BELLGong
BELLS,HANDBELL,BELLHand
BELLS,LARGE,BELLLrg
BIRDS,MISC,BIRDMisc
BIRDS,BIRD OF PREY,BIRDPrey
BIRDS,CROW,BIRDCrow
BIRDS,FOWL,BIRDFowl
BIRDS,SONGBIRD,BIRDSong
BIRDS,SEA,BIRDSea
BIRDS,TROPICAL,BIRDTrop
BIRDS,WADING,BIRDWade
BOATS,MISC,BOATMisc
BOATS,AIR BOAT,BOATAir
BOATS,BOW WASH,BOATWash
BOATS,ELECTRIC,BOATElec
BOATS,FISHING,BOATFish
BOATS,HORN,BOATHorn
BOATS,MECHANISM,BOATMech
BOATS,MILITARY,BOATMil
BOATS,MOTORBOAT,BOATMotr
BOATS,RACING,BOATRace
BOATS,ROWBOAT,BOATRow
BOATS,SAILBOAT,BOATSail
BOATS,SHIP,BOATShip
BOATS,STEAM,BOATStm
BOATS,SUBMARINE,BOATSub
BULLETS,MISC,BLLTMisc
BULLETS,BY,BLLTBy
BULLETS,IMPACT,BLLTImpt
BULLETS,SHELL,BLLTShel
BULLETS,RICOCHET,BLLTRico
CARTOON,MISC,TOONMisc
CARTOON,BOING,TOONBoing
CARTOON,CLANG,TOONClang
CARTOON,CREAK,TOONCreak
CARTOON,HORN,TOONHorn
CARTOON,IMPACT,TOONImpt
CARTOON,MUSICAL,TOONMx
CARTOON,POP,TOONPop
CARTOON,PLUCK,TOONPluk
CARTOON,SHAKE,TOONShake
CARTOON,SPLAT,TOONSplt
CARTOON,SQUEAK,TOONSqk
CARTOON,STRETCH,TOONStrch
CARTOON,SWISH,TOONSwsh
CARTOON,TWANG,TOONTwang
CARTOON,WARBLE,TOONWarb
CARTOON,WHISTLE,TOONWhis
CARTOON,ZIP,TOONZip
CERAMICS,MISC,CERMMisc
CERAMICS,BREAK,CERMBrk
CERAMICS,CRASH & DEBRIS,CERMCrsh
CERAMICS,FRICTION,CERMFric
CERAMICS,IMPACT,CERMImpt
CERAMICS,MOVEMENT,CERMMvmt
CERAMICS,TONAL,CERMTonl
CHAINS,MISC,CHAINMisc
CHAINS,BREAK,CHAINBrk
CHAINS,IMPACT,CHAINImpt
CHAINS,MOVEMENT,CHAINMvmt
CHEMICALS,MISC,CHEMMisc
CHEMICALS,ACID,CHEMAcid
CHEMICALS,REACTION,CHEMReac
CLOCKS,MISC,CLOCKMisc
CLOCKS,MECHANICS,CLOCKMech
CLOCKS,CHIME,CLOCKChim
CLOCKS,TICK,CLOCKTick
CLOTH,MISC,CLOTHMisc
CLOTH,FLAP,CLOTHFlp
CLOTH,MOVEMENT,CLOTHMvmt
CLOTH,RIP,CLOTHRip
COMMUNICATIONS,MISC,COMMisc
COMMUNICATIONS,AUDIO VISUAL,COMAv
COMMUNICATIONS,CAMERA,COMCam
COMMUNICATIONS,CELLPHONE,COMCell
COMMUNICATIONS,MICROPHONE,COMMic
COMMUNICATIONS,PHONOGRAPH,COMPhono
COMMUNICATIONS,RADIO,COMRadio
COMMUNICATIONS,STATIC,COMStatic
COMMUNICATIONS,TELEMETRY,COMTelm
COMMUNICATIONS,TELEPHONE,COMTelph
COMMUNICATIONS,TELEVISION,COMTv
COMMUNICATIONS,TRANSCEIVER,COMTran
COMMUNICATIONS,TYPEWRITER,COMType
COMPUTERS,MISC,CMPTMisc
COMPUTERS,HARD DRIVE,CMPTDriv
COMPUTERS,KEYBOARD & MOUSE,CMPTKey
CREATURES,MISC,CREAMisc
CREATURES,AQUATIC,CREAAqua
CREATURES,BEAST,CREABeast
CREATURES,BLOB,CREABlob
CREATURES,DINOSAUR,CREADino
CREATURES,DRAGON,CREADrgn
CREATURES,ELEMENTAL,CREAElem
CREATURES,ETHEREAL,CREAEthr
CREATURES,HUMANOID,CREAHmn
CREATURES,INSECTOID,CREAInsc
CREATURES,MONSTER,CREAMnstr
CREATURES,REPTILIAN,CREARept
CREATURES,SMALL,CREASmall
CREATURES,SOURCE,CREASrce
CREATURES,AVIAN,CREAAvian
CROWDS,MISC,CRWDMisc
CROWDS,ANGRY,CRWDAngr
CROWDS,APPLAUSE,CRWDApls
CROWDS,BATTLE,CRWDBatl
CROWDS,CELEBRATION,CRWDCele
CROWDS,CHEERING,CRWDCheer
CROWDS,CHILDREN,CRWDChld
CROWDS,CONVERSATION,CRWDConv
CROWDS,LAUGHTER,CRWDLaff
CROWDS,LOOP GROUP,CRWDLoop
CROWDS,PANIC,CRWDPanic
CROWDS,QUIET,CRWDQuiet
CROWDS,REACTION,CRWDReac
CROWDS,SINGING,CRWDSing
CROWDS,SPORT,CRWDSprt
CROWDS,WALLA,CRWDWalla
DESIGNED,MISC,DSGNMisc
DESIGNED,BASS DIVE,DSGNBass
DESIGNED,BOOM,DSGNBoom
DESIGNED,BRAAM,DSGNBram
DESIGNED,DRONE,DSGNDron
DESIGNED,EERIE,DSGNErie
DESIGNED,ETHEREAL,DSGNEthr
DESIGNED,RISER,DSGNRise
DESIGNED,RUMBLE,DSGNRmbl
DESIGNED,STINGER,DSGNStngr
DESIGNED,SYNTHETIC,DSGNSynth
DESIGNED,TONAL,DSGNTonl
DESTRUCTION,MISC,DESTRMisc
DESTRUCTION,CRASH & DEBRIS,DESTRCrsh
DESTRUCTION,COLLAPSE,DESTRClpse
DIRT & SAND,MISC,DIRTMisc
DIRT & SAND,CRASH & DEBRIS,DIRTCrsh
DIRT & SAND,DUST,DIRTDust
DIRT & SAND,IMPACT,DIRTImpt
DIRT & SAND,MOVEMENT,DIRTMvmt
DOORS,MISC,DOORMisc
DOORS,ANTIQUE,DOORAntq
DOORS,APPLIANCE,DOORAppl
DOORS,CABINET,DOORCab
DOORS,DUNGEON,DOORDungn
DOORS,ELECTRIC,DOORElec
DOORS,GATE,DOORGate
DOORS,GLASS,DOORGlas
DOORS,HARDWARE,DOORHdwr
DOORS,HITECH,DOORTech
DOORS,HYDRAULIC & PNEUMATIC,DOORHydr
DOORS,KNOCK,DOORKnck
DOORS,METAL,DOORMetl
DOORS,PLASTIC,DOORPlas
DOORS,PRISON,DOORPrisn
DOORS,REVOLVING,DOORRevl
DOORS,SLIDING,DOORSlid
DOORS,STONE,DOORSton
DOORS,SWINGING,DOORSwng
DOORS,WOOD,DOORWood
DRAWERS,MISC,DRWRMisc
DRAWERS,METAL,DRWRMetl
DRAWERS,PLASTIC,DRWRPlas
DRAWERS,WOOD,DRWRWood
ELECTRICITY,MISC,ELECMisc
ELECTRICITY,ARC,ELECArc
ELECTRICITY,ELECTROMAGNETIC,ELECEmf
ELECTRICITY,BUZZ & HUM,ELECBuzz
ELECTRICITY,SPARKS,ELECSprk
ELECTRICITY,ZAP,ELECZap
EQUIPMENT,MISC,EQUIPMisc
EQUIPMENT,BRIDLE & TACK,EQUIPBridle
EQUIPMENT,HITECH,EQUIPTech
EQUIPMENT,RECREATIONAL,EQUIPRec
EQUIPMENT,SPORT,EQUISprt
EQUIPMENT,TACTICAL,EQUIPTact
EXPLOSIONS,MISC,EXPLMisc
EXPLOSIONS,REAL,EXPLReal
EXPLOSIONS,DESIGNED,EXPLDsgn
FARTS,MISC,FARTMisc
FARTS,REAL,FARTReal
FARTS,DESIGNED,FARTDsgn
FIGHT,MISC,FGHTMisc
FIGHT,BODYFALL,FGHTBf
FIGHT,CLOTH,FGHTClth
FIGHT,GRAB,FGHTGrab
FIGHT,IMPACT,FGHTImpt
FIRE,MISC,FIREMisc
FIRE,BURNING,FIREBurn
FIRE,BURST,FIREBrst
FIRE,CRACKLE,FIRECrkl
FIRE,IGNITE,FIREIgn
FIRE,GAS,FIREGas
FIRE,SIZZLE,FIRESizz
FIRE,TORCH,FIRETrch
FIRE,WHOOSH,FIREWhsh
FIREWORKS,MISC,FRWKMisc
FIREWORKS,COMMERCIAL,FRWKComr
FIREWORKS,RECREATIONAL,FRWKRec
FOLEY,MISC,FOLYMisc
FOLEY,CLOTH,FOLYClth
FOLEY,FEET,FOLYFeet
FOLEY,HANDS,FOLYHand
FOLEY,PROP,FOLYProp
FOOD & DRINK,MISC,FOODMisc
FOOD & DRINK,COOKING,FOODCook
FOOD & DRINK,DRINKING,FOODDrnk
FOOD & DRINK,EATING,FOODEat
FOOD & DRINK,GLASSWARE,FOODGware
FOOD & DRINK,INGREDIENTS,FOODIngr
FOOD & DRINK,KITCHENWARE,FOODKware
FOOD & DRINK,TABLEWARE,FOODTware
FOOTSTEPS,MISC,FEETMisc
FOOTSTEPS,ANIMAL,FEETAnml
FOOTSTEPS,CREATURE,FEETCrea
FOOTSTEPS,HORSE,FEETHors
FOOTSTEPS,HUMAN,FEETHmn
GAMES,MISC,GAMEMisc
GAMES,ARCADE,GAMEArcd
GAMES,BOARD,GAMEBoard
GAMES,CASINO,GAMECas
GAMES,VIDEO,GAMEVideo
GEOTHERMAL,MISC,GEOMisc
GEOTHERMAL,LAVA,GEOLava
GEOTHERMAL,GEYSER,GEOGeyser
GEOTHERMAL,MUD POTS,GEOMudpot
GEOTHERMAL,FUMAROLE,GEOFuma
GLASS,MISC,GLASMisc
GLASS,BREAK,GLASBrk
GLASS,CRASH & DEBRIS,GLASCrsh
GLASS,FRICTION,GLASFric
GLASS,IMPACT,GLASImpt
GLASS,MOVEMENT,GLASMvmt
GLASS,TONAL,GLASTonl
GORE,MISC,GOREMisc
GORE,BLOOD,GOREBlood
GORE,BONE,GOREBone
GORE,BURN,GOREBurn
GORE,FLESH,GOREFlsh
GORE,OOZE,GOREOoze
GORE,SPLAT,GORESplt
GORE,SQUISH,GORESqsh
GORE,STAB,GOREStab
GUNS,MISC,GUNMisc
GUNS,ANTIQUE,GUNAntq
GUNS,ARTILLERY,GUNArtl
GUNS,AUTOMATIC,GUNAuto
GUNS,CANNON,GUNCano
GUNS,HITECH,GUNTech
GUNS,MECHANISM,GUNMech
GUNS,PISTOL,GUNPis
GUNS,RIFLE,GUNRif
GUNS,SHOTGUN,GUNShotg
GUNS,SUPPRESSED,GUNSupr
HORNS,MISC,HORNMisc
HORNS,AIR POWERED,HORNAir
HORNS,CELEBRATION,HORNCele
HORNS,TRADITIONAL,HORNTrad
HUMAN,MISC,HMNMisc
HUMAN,BREATH,HMNBrth
HUMAN,BURP,HMNBurp
HUMAN,COUGH,HMNCough
HUMAN,HEARTBEAT,HMNHart
HUMAN,KISS,HMNKiss
HUMAN,SNEEZE,HMNSneez
HUMAN,SNORE,HMNSnor
HUMAN,SPIT,HMNSpit
ICE,MISC,ICEMisc
ICE,BREAK,ICEBrk
ICE,CRASH & DEBRIS,ICRCrsh
ICE,FRICTION,ICEFric
ICE,IMPACT,ICEImpt
ICE,MOVEMENT,ICEMvmt
ICE,TONAL,ICETonl
LASERS,MISC,LASRMisc
LASERS,BEAM,LASRBeam
LASERS,GUN,LASRGun
LASERS,IMPACT,LASRImpt
LEATHER,MISC,LETHRMisc
LEATHER,CREAK,LETHRCreak
LEATHER,IMPACT,LETHRImpt
LEATHER,MOVEMENT,LETHRMvmt
LIQUID & MUD,MISC,LIQMisc
LIQUID & MUD,BUBBLES,LIQBubl
LIQUID & MUD,IMPACT,LIQImpt
LIQUID & MUD,MOVEMENT,LIQMvmt
LIQUID & MUD,SUCTION,LIQSuct
MACHINES,MISC,MACHMisc
MACHINES,AMUSEMENT,MACHAmus
MACHINES,ANTIQUE,MACHAntq
MACHINES,APPLIANCE,MACHAppl
MACHINES,CONSTRUCTION,MACHCnst
MACHINES,ELEVATOR,MACHElev
MACHINES,ESCALATOR,MACHEscl
MACHINES,FAN,MACHFan
MACHINES,HITECH,MACHTech
MACHINES,HVAC,MACHHvac
MACHINES,INDUSTRIAL,MACHInd
MACHINES,MECHANISM,MACHMech
MACHINES,MEDICAL,MACHMed
MACHINES,OFFICE,MACHOffi
MACHINES,PUMP,MACHPump
MAGIC,MISC,MAGMisc
MAGIC,ANGELIC,MAGAngl
MAGIC,ELEMENTAL,MAGElem
MAGIC,EVIL,MAGEvil
MAGIC,POOF,MAGPoof
MAGIC,SHIMMER,MAGShim
MAGIC,SPELL,MAGSpel
MECHANICAL,MISC,MECHMisc
MECHANICAL,CLICK,MECHClik
MECHANICAL,GEARS,MECHGear
MECHANICAL,HYDRAULIC & PNEUMATIC,MECHHydr
MECHANICAL,LATCH,MECHLtch
MECHANICAL,LEVER,MECHLvr
MECHANICAL,LOCK,MECHLock
MECHANICAL,PULLEY,MECHPuly
MECHANICAL,RATCHET,MECHRtch
MECHANICAL,RELAY,MECHRelay
MECHANICAL,ROLLER,MECHRolr
MECHANICAL,SWITCH,MECHSwtch
METAL,MISC,METLMisc
METAL,BREAK,METLBrk
METAL,CRASH & DEBRIS,METLCrsh
METAL,FRICTION,METLFric
METAL,IMPACT,METLImpt
METAL,MOVEMENT,METLMvmt
METAL,TONAL,METLTonl
MOTORS,MISC,MOTRMisc
MOTORS,ANTIQUE,MOTRAntq
MOTORS,COMBUSTION,MOTRComb
MOTORS,ELECTRIC,MOTRElec
MOTORS,SERVO,MOTRSrvo
MOTORS,TURBINE,MOTRTurb
MOVEMENT,MISC,MOVEMisc
MOVEMENT,ACTIVITY,MOVEActv
MOVEMENT,ANIMAL,MOVEAnml
MOVEMENT,CREATURE,MOVECrea
MOVEMENT,CROWD,MOVECrwd
MOVEMENT,INSECT,MOVEInsc
MOVEMENT,PRESENCE,MOVEPres
MUSICAL,MISC,MUSCMisc
MUSICAL,BRASS,MUSCBrass
MUSICAL,CHIME,MUSCChim
MUSICAL,CHORAL,MUSCChor
MUSICAL,INSTRUMENT,MUSCInst
MUSICAL,LOOP,MUSCLoop
MUSICAL,PERCUSSION,MUSCPerc
MUSICAL,SAMPLE,MUSCSmpl
MUSICAL,SONG & PHRASE,MUSCSong
MUSICAL,STINGER,MUSCStngr
MUSICAL,STRINGED,MUSCStr
MUSICAL,WOODWIND,MUSCWind
MUSICAL,TOY,MUSCToy
NATURAL DISASTER,MISC,NATDMisc
NATURAL DISASTER,AVALANCHE,NATDAval
NATURAL DISASTER,EARTHQUAKE,NATDQuak
NATURAL DISASTER,TORNADO,NATDTorn
NATURAL DISASTER,TSUNAMI,NATDTsun
NATURAL DISASTER,TYPHOON,NATDThyp
NATURAL DISASTER,VOLCANO,NATDVolc
OBJECTS,MISC,OBJMisc
OBJECTS,BAG,OBJBag
OBJECTS,COIN,OBJCoin
OBJECTS,FURNITURE,OBJFurn
OBJECTS,HOUSEHOLD,OBJHsehld
OBJECTS,JEWELRY,OBJJewl
OBJECTS,LUGGAGE,OBJLug
OBJECTS,KEYS,OBJKey
OBJECTS,MEDICAL,OBJMed
OBJECTS,PACKAGING,OBJPack
OBJECTS,TAPE,OBJTape
OBJECTS,UMBRELLA,OBJUmbr
OBJECTS,WHEELED,OBJWhled
OBJECTS,WRITING,OBJWrite
OBJECTS,ZIPPER,OBJZipr
PAPER,MISC,PAPRMisc
PAPER,FLUTTER,PAPRFltr
PAPER,HANDLE,PAPRHndl
PAPER,RIP,PAPRRip
PLASTIC,MISC,PLASMisc
PLASTIC,BREAK,PLASBrk
PLASTIC,CRASH & DEBRIS,PLASCrsh
PLASTIC,FRICTION,PLASFric
PLASTIC,IMPACT,PLASImpt
PLASTIC,MOVEMENT,PLASMvmt
RAIN,GENERAL,RAIN
RAIN,CLOTH,RAINClth
RAIN,CONCRETE,RAINConc
RAIN,GLASS,RAINGlas
RAIN,METAL,RAINMetl
RAIN,PLASTIC,RAINPlas
RAIN,VEGETATION,RAINVege
RAIN,WOOD,RAINWood
RAIN,WATER,RAINWatr
ROBOTS,MISC,ROBTMisc
ROBOTS,MOVEMENT,ROBTMvmt
ROBOTS,VOCAL,ROBTVox
ROCKS,MISC,ROCKMisc
ROCKS,BREAK,ROCKBrk
ROCKS,CRASH & DEBRIS,ROCKCrsh
ROCKS,FRICTION,ROCKFric
ROCKS,IMPACT,ROCKImpt
ROCKS,MOVEMENT,ROCKMvmt
ROCKS,TONAL,ROCKTonl
ROPE,MISC,ROPEMisc
ROPE,CREAK,ROPECreak
ROPE,MOVEMENT,ROPEMvmt
RUBBER,MISC,RUBRMisc
RUBBER,CRASH & DEBRIS,RUBRCrsh
RUBBER,FRICTION,RUBRFric
RUBBER,IMPACT,RUBRImpt
RUBBER,MOVEMENT,RUBRMvmt
SCIFI,MISC,SCIMisc
SCIFI,ALARM,SCIAlrm
SCIFI,COMPUTER,SCICmpt
SCIFI,DOOR,SCIDoor
SCIFI,ENERGY,SCIEnrg
SCIFI,MACHINE,SCIMach
SCIFI,RETRO,SCIRetro
SCIFI,SPACESHIP,SCIShip
SCIFI,VEHICLE,SCIVeh
SCIFI,WEAPON,SCIWeap
SNOW,MISC,SNOWMisc
SNOW,CRASH & DEBRIS,SNOWCrsh
SNOW,FRICTION,SNOWFric
SNOW,IMPACT,SNOWImpt
SNOW,MOVEMENT,SNOWMvmt
SPORTS,MISC,SPRTMisc
SPORTS,COURT,SPRTCourt
SPORTS,FIELD,SPRTField
SPORTS,GYM,SPRTGym
SPORTS,INDOOR,SPRTIndor
SPORTS,SKATE,SPRTSkate
SPORTS,TRACK & FIELD,SPRTTrck
SPORTS,WATER,SPRTWatr
SPORTS,WINTER,SPRTWntr
SWOOSHES,SWISH,SWSH
SWOOSHES,WHOOSH,WHSH
TOOLS,MISC,TOOLMisc
TOOLS,HAND,TOOLHand
TOOLS,PNEUMATIC,TOOLPneu
TOOLS,POWER,TOOLPowr
TOYS,MISC,TOYMisc
TOYS,MECHANICAL,TOYMech
TOYS,ELECTRONIC,TOYElec
TRAINS,MISC,TRNMisc
TRAINS,BRAKE,TRNBrake
TRAINS,CLACK,TRNClak
TRAINS,DIESEL,TRNDiesl
TRAINS,ELECTRIC,TRNElec
TRAINS,HIGH SPEED,TRNHspd
TRAINS,HORN,TRNHorn
TRAINS,MECHANISM,TRNMech
TRAINS,STEAM,TRNSteam
TRAINS,SUBWAY,TRNSbwy
TRAINS,TRAM,TRNTram
USER INTERFACE,MISC,UIMisc
USER INTERFACE,ALERT,UIAlert
USER INTERFACE,BEEP,UIBeep
USER INTERFACE,CLICK,UIClick
USER INTERFACE,DATA,UIData
USER INTERFACE,GLITCH,UIGlitch
USER INTERFACE,MOTION,UIMvmt
VEGETATION,MISC,VEGEMisc
VEGETATION,GRASS,VEGEGras
VEGETATION,LEAVES,VEGELeaf
VEGETATION,TREE,VEGETree
VEHICLES,MISC,VEHMisc
VEHICLES,ALARM,VEHAlrm
VEHICLES,ANTIQUE,VEHAntq
VEHICLES,ATV,VEHAtv
VEHICLES,BICYCLE,VEHBike
VEHICLES,BRAKE,VEHBrake
VEHICLES,BUS,VEHBus
VEHICLES,CAR,VEHCar
VEHICLES,CONSTRUCTION,VEHCnst
VEHICLES,DOOR,VEHDoor
VEHICLES,ELECTRIC,VEHElec
VEHICLES,FARM,VEHFarm
VEHICLES,FREIGHT,VEHFrght
VEHICLES,HORN,VEHHorn
VEHICLES,GENERIC BY,VEHBy
VEHICLES,JALOPY,VEHJalop
VEHICLES,MECHANISM,VEHMech
VEHICLES,MILITARY,VEHMil
VEHICLES,MOTORCYCLE,VEHMoto
VEHICLES,RACING,VEHRace
VEHICLES,SKID,VEHSkid
VEHICLES,SIREN,VEHSirn
VEHICLES,SUSPENSION,VEHSusp
VEHICLES,TIRE,VEHTire
VEHICLES,TRUCK VAN & SUV,VEHTruck
VEHICLES,UTILITY,VEHUtil
VEHICLES,WAGON,VEHWagn
VEHICLES,WINDOW,VEHWndw
VOICES,MISC,VOXMisc
VOICES,ALIEN,VOXAlien
VOICES,BABY,VOXBaby
VOICES,CHEER,VOXCheer
VOICES,CHILD,VOXChld
VOICES,CRYING,VOXCry
VOICES,EFFORTS,VOXEfrt
VOICES,FEMALE,VOXFem
VOICES,FUTZED,VOXFutz
VOICES,HISTORICAL,VOXHist
VOICES,LAUGH,VOXLaff
VOICES,MALE,VOXMale
VOICES,REACTION,VOXReac
VOICES,SCREAM,VOXScrm
VOICES,SINGING,VOXSing
WATER,MISC,WATRMisc
WATER,BUBBLES,WATRBubl
WATER,DRAIN,WATRDran
WATER,DRIP,WATRDrip
WATER,FIZZ,WATRFizz
WATER,FLOW,WATRFlow
WATER,FOUNTAIN,WATRFoun
WATER,IMPACT,WATRImpt
WATER,LAP,WATRLap
WATER,MOVEMENT,WATRMvmt
WATER,PLUMBING,WATRPlmb
WATER,POUR,WATRPour
WATER,SPLASH,WATRSplsh
WATER,SPRAY,WATRSpray
WATER,STEAM,WATRStm
WATER,SURF,WATRSurf
WATER,TURBULENT,WATRTurb
WATER,WATERFALL,WATRFall
WATER,WAVE,WATRWave
WEAPONS,MISC,WEAPMisc
WEAPONS,ARMOR,WEAPArmr
WEAPONS,ARROW,WEAPArro
WEAPONS,BLUNT,WEAPBlnt
WEAPONS,BOW,WEAPBow
WEAPONS,KNIFE,WEAPKnif
WEAPONS,POLEARM,WEAPPole
WEAPONS,SIEGE,WEAPSiege
WEAPONS,SWORD,WEAPSwrd
WEAPONS,WHIP,WEAPWhip
WEATHER,MISC,WTHR
WEATHER,HAIL,HAIL
WEATHER,STORM,STORM
WEATHER,THUNDER,THUN
WHISTLES,MISC,WHSTMisc
WHISTLES,HUMAN,WHSTHmn
WHISTLES,MECHANICAL,WHSTMech
WIND,GENERAL,WIND
WIND,DESIGNED,WINDDsgn
WIND,GUST,WINDGust
WIND,INTERIOR,WINDInt
WIND,TONAL,WINDTonl
WIND,VEGETATION,WINDVege
WINDOWS,MISC,WNDWMisc
WINDOWS,COVERING,WNDWCover
WINDOWS,HARDWARE,WNDWHdwr
WINDOWS,KNOCK,WNDWKnck
WINDOWS,METAL,WNDWMetl
WINDOWS,PLASTIC,WNDWPlas
WINDOWS,WOOD,WNDWWood
WINGS,MISC,WINGMisc
WINGS,BIRD,WINGBird
WINGS,CREATURE,WINGCrea
WINGS,INSECT,WINGInsc
WOOD,MISC,WOODMisc
WOOD,BREAK,WOODBrk
WOOD,CRASH & DEBRIS,WOODCrsh
WOOD,FRICTION,WOODFric
WOOD,IMPACT,WOODImpt
WOOD,MOVEMENT,WOODMvmt
WOOD,TONAL,WOODTonl
