﻿AIR,BLOW,AIRBlow
AIR,BURST,AIRBrst
AIR,HISS,AIRHiss
AIR,MISC,AIR
AIR,STEAM,AIRStm
AIR,SUCTION,AIRSuck
AIRCRAFT,BLIMP,AEROBlmp
AIRCRAFT,DRONE,AERODron
AIRCRAFT,GLIDER,AEROGlid
AIRCRAFT,HELICOPTER,AEROHeli
AIRCRAFT,JET,AEROJet
AIRCRAFT,MISC,AERO
AIRCRAFT,PROP,AEROProp
AIRCRAFT,ROCKET,AERORckt
ALARMS,BUZZER,ALRMBuzr
ALARMS,KLAXON,ALRMKlax
ALARMS,MISC,ALRM
AMBIENCE,BIRDSONG,BGBird
AMBIENCE,CAVE,BGCave
AMBIENCE,CELEBRATION,BGCele
AMBIENCE,CONSTRUCTION,BGCnst
AMBIENCE,DESERT,BGDsrt
AMBIENCE,DRONE,BGDron
AMBIENCE,ETHEREAL,BGEthr
AMBIENCE,FOREIGN,BGFrgn
AMBIENCE,FOREST,BGForst
AMBIENCE,HISTORICAL,BGHist
AMBIENCE,INDUSTRIAL,BGInd
AMBIENCE,MARKET,BGMrkt
AMBIENCE,MISC,BG
AMBIENCE,NAUTICAL,BGNaut
AMBIENCE,PUBLIC PLACE,BGPub
AMBIENCE,RESTAURANT,BGRest
AMBIENCE,ROOM TONE,BGRoom
AMBIENCE,RURAL,BGRurl
AMBIENCE,SEASIDE,BGSea
AMBIENCE,SUBURBAN,BGSubn
AMBIENCE,SWAMP,BGSwmp
AMBIENCE,TECHNICAL,BGTech
AMBIENCE,TRAFFIC,BGTraf
AMBIENCE,TROPICAL,BGTrop
AMBIENCE,URBAN,BGUrbn
AMBIENCE,WARFARE,BGWar
AMBIENCE,WILDERNESS,BGWild
ANIMALS,AMPHIBIAN,ANMLAmph
ANIMALS,BAT,ANMLBat
ANIMALS,CAT DOMESTIC,ANMLCat
ANIMALS,CAT WILD,ANMLWcat
ANIMALS,COW,ANMLCow
ANIMALS,DOG,ANMLDog
ANIMALS,FARM,ANMLFarm
ANIMALS,HORSE,ANMLHrse
ANIMALS,INSECT,ANMLInsc
ANIMALS,MARINE,ANMLSea
ANIMALS,MISC,ANML
ANIMALS,PRIMATE,ANMLPrim
ANIMALS,REPTILE,ANMLRept
ANIMALS,RODENT,ANMLRdnt
ANIMALS,WILD,ANMLWild
BEEPS,,BEEP
BELLS,,BELL
BIRDS,CROW,BIRDCrow
BIRDS,EXOTIC,BIRDExot
BIRDS,MISC,BIRD
BIRDS,RAPTOR,BIRDRapt
BIRDS,SEA,BIRDSea
BIRDS,TROPICAL,BIRDTrop
BOATS,AIR BOAT,BOATAir
BOATS,BOW WASH,BOATWash
BOATS,FISHING,BOATFish
BOATS,MISC,BOAT
BOATS,MOTORBOAT,BOATMotr
BOATS,PADDLE,BOATPadl
BOATS,RACING,BOATRace
BOATS,ROWBOAT,BOATRow
BOATS,SAILBOAT,BOATSail
BOATS,SHIP,BOATShip
BOATS,STEAM,BOATStm
BOATS,SUBMARINE,BOATSub
CARTOON,BOING,TOONBoing
CARTOON,MISC,TOON
CARTOON,MUSICAL,TOONMx
CARTOON,POP,TOONPop
CARTOON,SPLAT,TOONSplat
CARTOON,TWANG,TOONTwang
CARTOON,ZIP,TOONZip
CERAMICS,BREAK,CERMBrk
CERAMICS,CRACK,CERMCrak
CERAMICS,CRASH,CERMCrsh
CERAMICS,CRUNCH,CERMCrnch
CERAMICS,DEBRIS,CERMDebr
CERAMICS,DROP,CERMDrop
CERAMICS,IMPACT,CERMImpt
CERAMICS,MISC,CERM
CERAMICS,RATTLE,CERMRatl
CERAMICS,ROLLING,CERMRoll
CERAMICS,SCRAPE,CERMScrp
CERAMICS,SQUEAK,CERMSqk
CHAINS,,CHAIN
CHEMICAL,ACID,CHEMAcid
CHEMICAL,BUBBLES,CHEMBubl
CHEMICAL,BURN,CHEMBurn
CLOCKS,,CLOCK
CLOTH,FLAP,CLOTHFlp
CLOTH,MISC,CLOTH
CLOTH,RIP,CLOTHRip
CLOTH,LEATHER,CLOTHLthr
COMMUNICATIONS,ANTIQUE,COMAntq
COMMUNICATIONS,CAMERA,COMCam
COMMUNICATIONS,MICROPHONE,COMMic
COMMUNICATIONS,MISC,COM
COMMUNICATIONS,PHONOGRAPH,COMPhon
COMMUNICATIONS,RADIO,COMRado
COMMUNICATIONS,STATIC,COMStatic
COMMUNICATIONS,CELLPHONE,COMCell
COMMUNICATIONS,TELEPHONE,COMTelph
COMMUNICATIONS,TELEVISION,COMTv
COMMUNICATIONS,TYPEWRITER,COMType
COMMUNICATIONS,WALKIE TALKIE,COMWalkie
COMPUTERS,HARD DRIVE,CMPTDriv
COMPUTERS,GLITCH,CMPTGltc
COMPUTERS,KEYBOARD,CMPTKey
COMPUTERS,MICE,CMPTMice
COMPUTERS,MISC,CMPT
COMPUTERS,MODEM,CMPTMdem
COMPUTERS,PRINTER,CMPTPrint
COMPUTERS,TELEMETRY,CMPTTelm
COMPUTERS,USER INTERFACE,CMPTUi
CRASHES,MIXED,CRSH
CREATURES,FAIRY,CREAFairy
CREATURES,MONSTER,CREAMons
CREATURES,DRAGON,CREADrgn
CREATURES,GHOST,CREAGhst
CREATURES,MISC,CREA
CREATURES,ZOMBIE,CREAZomb
CROWDS,APPLAUSE,CRWDApp
CROWDS,BATTLE,CRWDBatl
CROWDS,CELEBRATION,CRWDCele
CROWDS,CHEERING,CRWDCheer
CROWDS,CHILDREN,CRWDChld
CROWDS,LAUGHTER,CRWDLaff
CROWDS,LOOP GROUP,CRWDLoop
CROWDS,MISC,CRWD
CROWDS,MURMUR,CRWDMurm
CROWDS,PANIC,CRWDPanic
CROWDS,REACTION,CRWDReac
CROWDS,SCREAM,CRWDScrm
CROWDS,SINGING,CRWDSing
CROWDS,SPORT,CRWDSprt
CROWDS,WALLA,CRWDWalla
CROWDS,WHISPER,CRWDWhsp
DESIGNED,BASS DIVE,DZNBass
DESIGNED,BOOM,DZNBoom
DESIGNED,BRAAM,DZNBram
DESIGNED,DRONE,DZNDron
DESIGNED,ETHEREAL,DZNEthr
DESIGNED,HIT,DZNHit
DESIGNED,MISC,DZN
DESIGNED,RISER,DZNRise
DESIGNED,STINGER,DZNStng
DESIGNED,SWEETENER,DZNSwt
DIRT,DEBRIS,DIRTDebr
DIRT,DRAG,DIRTDrag
DIRT,DUST,DIRTDust
DIRT,IMPACT,DIRTImpt
DIRT,MISC,DIRT
DOORS,APPLIANCE,DOORApp
DOORS,CABINET,DOORCab
DOORS,CASTLE,DOORCastl
DOORS,ELECTRIC,DOORElec
DOORS,EXOTIC,DOORExot
DOORS,GATE,DOORGate
DOORS,GLASS,DOORGlas
DOORS,JAIL,DOORJail
DOORS,HARDWARE,DOORHdwr
DOORS,HYDRAULIC,DOORHyd
DOORS,KNOCK,DOORKnck
DOORS,METAL,DOORMetl
DOORS,MISC,DOOR
DOORS,PNEUMATIC,DOORPneu
DOORS,REVOLVING,DOORRevl
DOORS,SLIDING,DOORSlid
DOORS,STONE,DOORSton
DOORS,SWINGING,DOORSwng
DOORS,VEHICLE,DOORVeh
DOORS,WOOD,DOORWood
DRAWERS,GLASS,DRWRGlas
DRAWERS,METAL,DRWRMetl
DRAWERS,MISC,DRWR
DRAWERS,PLASTIC,DRWRPlas
DRAWERS,WOOD,DRWRWd
ELECTRIC,ARC,ELECArc
ELECTRIC,CRACKLE,ELECCrkl
ELECTRIC,HUM,ELECHum
ELECTRIC,MISC,ELEC
ELECTRIC,RELAY,ELECRlay
ELECTRIC,SPARK,ELECSprk
ELECTRIC,TONE,ELECTone
ELECTRIC,WELDING,ELECWeld
ELECTRIC,ZAP,ELECZap
EMERGENCY,AMBULANCE,EMGRAmbu
EMERGENCY,FIRE FIGHTING,EMGRFrft
EMERGENCY,HOSPITAL,EMGRHosp
EMERGENCY,MISC,EMGR
EMERGENCY,POLICE,EMGRPoli
EMERGENCY,SIREN,EMGRSirn
EXPLOSIONS,,EXPL
FIGHT,ARMOR,FGHTArmr
FIGHT,BODYFALL,FGHTBf
FIGHT,CLOTH,FGHTClth
FIGHT,DRAG,FGHTDrag
FIGHT,GRAB,FGHTGrab
FIGHT,IMPACT,FGHTImpt
FIGHT,KICK,FGHTKick
FIGHT,MISC,FGHT
FIGHT,PUNCH,FGHTPnch
FIGHT,STAB,FGHTStab
FIRE,BURNING,FIREBurn
FIRE,BURST,FIREBurst
FIRE,FLAMETHROWER,FIREFlam
FIRE,IGNITE,FIREIgn
FIRE,MISC,FIRE
FIRE,SIZZLE,FIRESizz
FIRE,TORCH,FIRETrch
FIRE,WHOOSH,FIREWhsh
FIREWORKS,,FIREWORK
FOLEY,CLOTH,FOLYCl
FOLEY,FEET,FOLYFt
FOLEY,PROP,FOLYPr
FOOD & DRINK,COOKING,COOK
FOOD & DRINK,DRINKING,DRINK
FOOD & DRINK,EATING,EAT
FOOD & DRINK,GLASSWARE,GLASWARE
FOOD & DRINK,KITCHENWARE,KTCHWARE
FOOD & DRINK,MISC,FOOD
FOOD & DRINK,TABLEWARE,TABLWARE
FOOTSTEPS,ANIMAL,FEETAnml
FOOTSTEPS,INSECT,FEETInsc
FOOTSTEPS,HORSE,FEETHors
FOOTSTEPS,HUMAN,FEET
FOOTSTEPS,MONSTER,FEETMons
FURNITURE,,FURN
GAMES,BOARD,GAMEBoard
GAMES,MISC,GAME
GAMES,CASINO,GAMECas
GAMES,ELECTRONIC,GAMEElec
GLASS,BREAK,GLASBrk
GLASS,CRACK,GLASCrak
GLASS,CRASH,GLASCrsh
GLASS,CREAK,GLASCreak
GLASS,CRUNCH,GLASCrnch
GLASS,DEBRIS,GLASDebr
GLASS,MISC,GLAS
GLASS,DROP,GLASDrp
GLASS,IMPACT,GLASImpt
GLASS,RATTLE,GLASRatl
GLASS,ROLL,GLASRoll
GLASS,SCRAPE,GLASScrp
GLASS,SQUEAK,GLASSqk
GORE,BLOOD,GOREBlood
GORE,BONE,GOREBone
GORE,BURN,GOREBurn
GORE,CRUNCH,GORECrnch
GORE,FLESH,GOREFlsh
GORE,IMPACT,GOREImpt
GORE,MISC,GORE
GORE,OOZE,GOREOoze
GORE,SPLAT,GORESplt
GORE,SQUISH,GORESqsh
GORE,SUCTION,GORESuck
GUNS,AIR,GUNAir
GUNS,ARTILLERY,GUNArtl
GUNS,ANTIQUE,GUNAntq
GUNS,BULLET BY,GUNBuBy
GUNS,BULLET HIT,GUNBuHit
GUNS,BULLET SHELL,GUNShell
GUNS,CANNON,GUNCano
GUNS,HANDLING,GUNHndl
GUNS,MACHINE,GUNMach
GUNS,MISC,GUN
GUNS,PISTOL,GUNPis
GUNS,RIFLE,GUNRif
GUNS,RICOCHET,GUNRico
GUNS,SHOTGUN,GUNShotg
GUNS,SUPRESSED,GUNSupr
HORNS,,HORN
HUMAN,BREATH,HMNBrth
HUMAN,BURP,HMNBurp
HUMAN,COUGH,HMNCough
HUMAN,FART,HMNFart
HUMAN,MISC,HMN
HUMAN,HEARTBEAT,HMNHart
HUMAN,SNORE,HMNSnor
HUMAN,SNEEZE,HMNSneez
ICE,CRACK,ICECrak
ICE,CRASH,ICECrsh
ICE,CRUNCH,ICECrnch
ICE,DEBRIS,ICEDebr
ICE,IMPACT,ICEImpt
ICE,MISC,ICE
ICE,SQUEAK,ICESqk
LFE,,LFE
MACHINES,ANTIQUE,MACHAntq
MACHINES,APPLIANCE,MACHApp
MACHINES,BROKEN,MACHBrkn
MACHINES,CONSTRUCTION,MACHCnst
MACHINES,ELEVATOR,MACHElev
MACHINES,ESCALATOR,MACHEscl
MACHINES,FANS,MACHFan
MACHINES,HVAC,MACHHvac
MACHINES,INDUSTRIAL,MACHInd
MACHINES,LIGHT,MACHLite
MACHINES,MECHANISM,MACHMech
MACHINES,MISC,MACH
MACHINES,OFFICE,MACHOffi
MACHINES,HEAVY,MACHHvy
MACHINES,SCIFI,MACHSci
MACHINES,TECHNICAL,MACHTech
MACHINES,VENDING,MACHVend
MAGIC,ELEMENTAL,MAGElem
MAGIC,EVIL,MAGEvil
MAGIC,MISC,MAG
MAGIC,POOF,MAGPoof
MAGIC,SHIMMER,MAGShim
MAGIC,SPELL,MAGSpel
MECHANICAL,CLICK,MECHClik
MECHANICAL,GEAR,MECHGear
MECHANICAL,LATCH,MECHLtch
MECHANICAL,LEVER,MECHLvr
MECHANICAL,LOCK,MECHLock
MECHANICAL,MISC,MECH
MECHANICAL,RATCHET,MECHRtch
MECHANICAL,ROLLER,MECHRolr
MECHANICAL,PUMP,MECHPump
MECHANICAL,SWITCH,MECHSwtch
METAL,BOWED,METLBowd
METAL,CRASH,METLCrsh
METAL,CREAK,METLCrk
METAL,CRUNCH,METLCrnch
METAL,DEBRIS,METLDebr
METAL,DROP,METLDrop
METAL,IMPACT,METLImpt
METAL,MISC,METL
METAL,RATTLE,METLRatl
METAL,RING,METLRing
METAL,RIP,METLRip
METAL,ROLL,METLRoll
METAL,SCRAPE,METLScrp
METAL,SCREECH,METLScrh
METAL,SHING,METLShng
METAL,SPRING,METLSprng
METAL,SQUEAK,METLSqk
METAL,WARP,METLWarp
MONEY,PAPER,MONYPapr
MONEY,COIN,MONYCoin
MOTORS,ANTIQUE,MOTRAntq
MOTORS,BROKEN,MOTRBrkn
MOTORS,ELECTRIC,MOTRElec
MOTORS,COMBUSTION,MOTRComb
MOTORS,HYDRAULIC,MOTRHydr
MOTORS,MISC,MOTR
MOTORS,PNEUMATIC,MOTRPneu
MOTORS,SERVO,MOTRSrvo
MOTORS,TURBINE,MOTRTurb
MOVEMENT,ACTIVITY,MOVEActv
MOVEMENT,CROWD,MOVECrwd
MOVEMENT,INSECT,MOVEInsc
MOVEMENT,MISC,MOVE
MOVEMENT,PRESENCE,MOVEPres
MOVEMENT,CREATURE,MOVECrea
MUSICAL,CHIME,MUSCChim
MUSICAL,CHORAL,MUSCChor
MUSICAL,INSTRUMENT,MUSCInst
MUSICAL,MISC,MUSC
MUSICAL,PERCUSSION,MUSCPerc
MUSICAL,SONG,MUSCSong
MUSICAL,STING,MUSCStng
MUSICAL,TONALITY,MUSCTone
NATURE,AVALANCHE,AVAL
NATURE,EARTH,EARTH
NATURE,EARTHQUAKE,QUAK
NATURE,FOLIAGE,VEGE
NATURE,GEOTHERMAL,GEO
NATURE,HAIL,HAIL
NATURE,ICE,ICE
NATURE,LAVA,LAVA
NATURE,MISC,NATR
NATURE,MUD,MUD
NATURE,RAIN,RAIN
NATURE,SAND,SAND
NATURE,SNOW,SNOW
NATURE,STORM,STORM
NATURE,TREE,TREE
NATURE,THUNDER,THUN
NATURE,WIND,WIND
PAPER,HANDLE,PAPRHndl
PAPER,MISC,PAPR
PAPER,RIP,PAPRRip
PLASTIC,BREAK,PLASBrk
PLASTIC,CRACK,PLASCrak
PLASTIC,CRASH,PLASCrsh
PLASTIC,CREAK,PLASCreak
PLASTIC,CRUNCH,PLASCrnch
PLASTIC,IMPACT,PLASImpt
PLASTIC,DEBRIS,PLASDebr
PLASTIC,DROP,PLASDrop
PLASTIC,MISC,PLAS
PLASTIC,RATTLE,PLASRatl
PLASTIC,ROLL,PLASRoll
PLASTIC,SCRAPE,PLASScrp
PLASTIC,SQUEAK,PLASSqk
PROPS,,PROP
REVERB,IMPULSE RESPONSE,REVImp
ROBOTS,MISC,ROBT
ROBOTS,MOVEMENT,ROBTMvmt
ROBOTS,VOCAL,ROBTVox
ROCKS,BREAK,ROCKBrk
ROCKS,CRACK,ROCKCrak
ROCKS,CRASH,ROCKCrsh
ROCKS,CRUNCH,ROCKCrnch
ROCKS,FALL,ROCKFall
ROCKS,DEBRIS,ROCKDebr
ROCKS,DROP,ROCKDrop
ROCKS,IMPACT,ROCKImpt
ROCKS,MISC,ROCK
ROCKS,ROLLING,ROCKRoll
ROCKS,SCRAPE,ROCKScrp
ROCKS,RATTLE,ROCKRatl
ROPE,CREAK,ROPECreak
ROPE,HANDLING,ROPEHndl
ROPE,MISC,ROPE
ROPE,ZUZZ,ROPEZuzz
RUBBER,BOUNCE,RUBRBnce
RUBBER,IMPACT,RUBRImpt
RUBBER,MISC,RUBR
RUBBER,SQUEAK,RUBRSqk
RUBBER,STRETCH,RUBRStr
RUMBLES,,RMBL
SCIFI,ALARM,SCIAlrm
SCIFI,COMPUTER,SCICmpt
SCIFI,DOOR,SCIDoor
SCIFI,GUN,SCIGun
SCIFI,MISC,SCI
SCIFI,LASER,SCILasr
SCIFI,SPACESHIP,SCIShip
SCIFI,TONES,SCITone
SCIFI,VEHICLE,SCIVeh
SCIFI,WEAPON,SCIWeap
SNOW,CRUNCH,SNOWCrnch
SNOW,DEBRIS,SNOWDebr
SNOW,IMPACT,SNOWImpt
SNOW,MISC,SNOW
SPORTS,,SPORT
STICKY,,STKY
SWOOSHES,SWISH,SWSH
SWOOSHES,WHOOSH,WHSH
TOOLS,CONSTRUCTION,TOOLCnst
TOOLS,HAND,TOOLHand
TOOLS,HYDRAULIC,TOOLDHydr
TOOLS,MISC,TOOL
TOOLS,POWER,TOOLPowr
TOOLS,PNEUMATIC,TOOLPneu
TOYS,MECHANICAL,TOYMech
TOYS,MISC,TOY
TOYS,ELECTRONIC,TOYElec
TRAINS,CLACK,TRNClak
TRAINS,DIESEL,TRNDiesl
TRAINS,ELECTRIC,TRNElec
TRAINS,HORN,TRNHorn
TRAINS,MISC,TRN
TRAINS,STEAM,TRNSteam
TRAINS,SUBWAY,TRNSbwy
VEHICLES,ANTIQUE,VEHAntq
VEHICLES,BICYCLE,VEHBike
VEHICLES,BRAKE,VEHBrake
VEHICLES,BUS,VEHBus
VEHICLES,BY,VEHBy
VEHICLES,CAR,VEHCar
VEHICLES,CONSTRUCTION,VEHConst
VEHICLES,ELECTRIC,VEHElec
VEHICLES,EXOTIC,VEHExot
VEHICLES,HORN,VEHHorn
VEHICLES,MECHANICAL,VEHMech
VEHICLES,MILITARY,VEHMil
VEHICLES,MISC,VEH
VEHICLES,MOTORCYCLE,VEHMoto
VEHICLES,RACING,VEHRac
VEHICLES,SKID,VEHSkid
VEHICLES,SNOWMOBILE,VEHSnow
VEHICLES,SUSPENSION,VEHSusp
VEHICLES,TIRE,VEHTire
VEHICLES,TRACTOR,VEHTrac
VEHICLES,TRUCK,VEHTruck
VEHICLES,WAGON,VEHWagn
VOICES,ALIEN,VOXAlien
VOICES,BABY,VOXBaby
VOICES,CHILD,VOXChild
VOICES,CHEER,VOXCheer
VOICES,CRYING,VOXCry
VOICES,FEMALE,VOXFem
VOICES,FOREIGN,VOXForgn
VOICES,FUTZED,VOXFutz
VOICES,LAUGH,VOXLaff
VOICES,MALE,VOXMale
VOICES,MISC,VOX
VOICES,REACTION,VOXReac
VOICES,SCREAM,VOXScrm
VOICES,SINGING,VOXSing
WATER,BUBBLES,WATRBubl
WATER,CRASH,WATRCrsh
WATER,DRIP,WATRDrip
WATER,FIZZ,WATRFizz
WATER,FLOW,WATRFlow
WATER,GURGLE,WATRGurg
WATER,IMPACT,WATRImpt
WATER,LAP,WATRLap
WATER,MISC,WATR
WATER,PLUMBING,WATRPlmb
WATER,POUR,WATRPour
WATER,SPLASH,WATRSplsh
WATER,SPRAY,WATRSpray
WATER,SURF,WATRSurf
WATER,TURBULENT,WATRTurb
WATER,UNDERWATER,WATRUndr
WEAPONS,BOW AND ARROW,WEAPArro
WEAPONS,BLADE,WEAPBlad
WEAPONS,CLAW,WEAPClaw
WEAPONS,CROSSBOW,WEAPCrss
WEAPONS,MEDIEVAL,WEAPMed
WEAPONS,MISC,WEAP
WEAPONS,SWORD,WEAPSwrd
WHISTLES,HUMAN,WHSTHmn
WHISTLES,MECHANICAL,WHSTMech
WHISTLES,MISC,WHST
WINDOWS,GLASS,WNDWGlas
WINDOWS,KNOCK,WNDWKnck
WINDOWS,METAL,WNDWMetl
WINDOWS,MISC,WNDW
WINDOWS,SLIDING,WNDWSlid
WINDOWS,VEHICLE,WNDWVeh
WINDOWS,WOOD,WNDWWd
WINGS,BIRD,WINGBird
WINGS,CREATURE,WINGCrea
WINGS,INSECT,WINGInsc
WINGS,MISC,WING
WOOD,BREAK,WOODBrk
WOOD,CHOP,WOODChop
WOOD,CRACK,WOODCrak
WOOD,CRASH,WOODCrsh
WOOD,CREAK,WOODCreak
WOOD,CRUNCH,WOODCrnch
WOOD,DEBRIS,WOODDebr
WOOD,DROP,WOODDrop
WOOD,IMPACT,WOODImpt
WOOD,MISC,WOOD
WOOD,RATTLE,WOODRatl
WOOD,RIP,WOODRip
WOOD,ROLL,WOODRoll
WOOD,SCRAPE,WOODScrp
WOOD,SQUEAK,WOODSqk
WHIPS,,WHIP
WRITING,,WRITE
ZIPPERS,,ZIPR
BOUNCES,,BNCE
MIXES,,MIX
SCENES,,SCNE
